BUYER_COUNTY,BUYER_STATE,year_x,DOSAGE_UNIT,TOT_POP,drugdensity,densitybins,TOT_MALE,TOT_FEMALE,WA_PER,BA_PER,IA_PER,H_PER,GRNDTOT,Poverty_Percent,Median_Income,ltHS,HS,sCorA,B+,ObesityPercent,democrat,republican,Unemp_Yearly_Rate,crimerate
LOS ANGELES,CA,2012,15963551.0,9938436.0,1.61,1,4895014.0,5043422.0,71.64,9.28,1.47,48.12,326586.0,19.1,52929.0,25.95,19.75,26.2,28.05,21.0,69.69,27.83,10.73,0.03
LOS ANGELES,CA,2011,15691254.0,9876727.0,1.59,1,4864955.0,5011772.0,71.76,9.31,1.47,47.99,340483.0,18.4,52239.0,25.95,19.75,26.2,28.05,21.3,69.56,28.08,12.17,0.03
LOS ANGELES,CA,2009,14418442.5,9831945.0,1.47,1,4884420.0,4947525.0,73.86,9.28,1.05,47.6,376777.0,16.0,54375.0,25.95,19.75,26.2,28.05,21.5,69.31,28.57,11.6,0.04
LOS ANGELES,CA,2010,14145124.0,9818605.0,1.44,1,4839654.0,4978951.0,71.87,9.38,1.49,47.74,363182.0,17.6,52595.0,25.95,19.75,26.2,28.05,21.3,69.44,28.32,12.5,0.04
LOS ANGELES,CA,2008,13732484.5,9771522.0,1.41,1,4850989.0,4920533.0,73.86,9.36,1.04,47.24,351757.0,15.3,55452.0,25.95,19.75,26.2,28.05,20.9,69.19,28.82,7.58,0.04
LOS ANGELES,CA,2007,13561927.5,9727968.0,1.39,1,4826136.0,4901832.0,73.87,9.49,1.04,46.89,351757.0,14.6,53494.0,25.95,19.75,26.2,28.05,20.4,67.68,30.52,5.12,0.04
CHARLESTON,SC,2012,12648967.0,364628.0,34.69,4,176608.0,188020.0,67.07,29.46,0.45,5.1,21576.0,18.0,48200.0,13.75,22.75,27.15,36.3,25.0,50.39,48.01,7.13,0.06
LOS ANGELES,CA,2006,11391232.0,9755937.0,1.17,1,4836454.0,4919483.0,73.93,9.6,1.04,46.72,351757.0,15.4,51279.0,25.95,19.75,26.2,28.05,19.6,66.16,32.22,4.78,0.04
CHARLESTON,SC,2011,10265604.0,357315.0,28.73,4,172925.0,184390.0,66.86,29.75,0.46,5.18,21812.0,19.1,49432.0,13.75,22.75,27.15,36.3,26.2,51.18,47.31,8.32,0.06
CHARLESTON,SC,2009,8944955.0,353949.0,25.27,4,171204.0,182745.0,65.57,31.33,0.34,4.0,23585.0,16.4,46145.0,13.75,22.75,27.15,36.3,27.5,52.76,45.91,8.75,0.07
CHARLESTON,SC,2010,8347390.0,350209.0,23.84,4,169871.0,180338.0,66.64,30.02,0.46,5.39,23566.0,18.7,46187.0,13.75,22.75,27.15,36.3,27.7,51.97,46.61,8.79,0.07
ORANGE,CA,2012,5831646.0,3080419.0,1.89,1,1521636.0,1558783.0,74.49,2.01,1.07,33.99,82770.0,13.0,71866.0,17.9,17.4,29.75,34.95,19.8,45.65,51.87,7.87,0.03
ORANGE,CA,2011,5755138.0,3050867.0,1.89,1,1507651.0,1543216.0,74.85,1.99,1.07,33.86,85354.0,13.0,72046.0,17.9,17.4,29.75,34.95,20.7,46.14,51.45,9.03,0.03
SAN BERNARDINO,CA,2012,5225860.0,2074195.0,2.52,2,1032013.0,1042182.0,77.72,9.61,2.01,50.55,79187.0,20.4,50603.0,23.3,25.6,33.25,17.85,28.7,52.47,45.12,11.4,0.04
SAN BERNARDINO,CA,2011,4939755.0,2061040.0,2.4,2,1024361.0,1036679.0,77.75,9.65,2.02,49.97,80723.0,19.4,51017.0,23.3,25.6,33.25,17.85,27.7,52.37,45.28,12.84,0.04
ORANGE,CA,2010,4856028.0,3010232.0,1.61,1,1488780.0,1521452.0,75.3,1.97,1.08,33.65,94081.0,12.2,70727.0,17.9,17.4,29.75,34.95,20.4,46.64,51.03,9.74,0.03
ORANGE,CA,2009,4770640.0,3023265.0,1.58,1,1511217.0,1512048.0,77.59,2.18,0.9,33.22,94727.0,10.7,71735.0,17.9,17.4,29.75,34.95,20.6,47.14,50.61,8.65,0.03
ORANGE,CA,2008,4560149.0,2988541.0,1.53,1,1492613.0,1495928.0,77.87,2.14,0.88,32.72,89233.0,9.9,74862.0,17.9,17.4,29.75,34.95,18.8,47.63,50.19,5.31,0.03
ORANGE,CA,2007,4227175.0,2957307.0,1.43,1,1475709.0,1481598.0,78.17,2.1,0.88,32.21,89233.0,8.9,73107.0,17.9,17.4,29.75,34.95,18.5,45.49,52.59,3.89,0.03
SAN BERNARDINO,CA,2010,4147414.0,2035210.0,2.04,1,1011507.0,1023703.0,77.91,9.67,2.01,49.19,87579.0,18.1,52270.0,23.3,25.6,33.25,17.85,28.2,52.27,45.44,13.54,0.04
SAN BERNARDINO,CA,2009,4110846.0,2011728.0,2.04,1,1015526.0,996202.0,80.35,9.0,1.44,47.9,92672.0,17.0,52137.0,23.3,25.6,33.25,17.85,28.1,52.17,45.59,12.65,0.05
CHARLESTON,SC,2008,3772480.0,348574.0,10.82,4,168593.0,179981.0,65.3,31.65,0.35,3.87,22634.75,15.4,50213.0,13.75,22.75,27.15,36.3,25.9,53.55,45.21,5.31,0.06
ORANGE,CA,2006,3726111.0,2952610.0,1.26,1,1472101.0,1480509.0,78.53,2.07,0.88,32.03,89233.0,9.8,70109.0,17.9,17.4,29.75,34.95,17.8,43.34,54.99,3.4,0.03
SAN BERNARDINO,CA,2008,3718460.0,2001225.0,1.86,1,1009463.0,991762.0,80.5,9.02,1.42,47.43,85040.25,14.7,54768.0,23.3,25.6,33.25,17.85,28.6,52.07,45.75,8.03,0.04
JEFFERSON,AL,2012,3556080.0,657967.0,5.4,3,311430.0,346537.0,54.35,42.68,0.33,3.75,7632.0,18.6,43967.0,14.85,27.35,29.55,28.25,33.7,52.6,46.62,7.41,0.01
JEFFERSON,AL,2011,3366910.0,657973.0,5.12,3,311349.0,346624.0,54.63,42.49,0.35,3.84,0.0,18.7,42053.0,14.85,27.35,29.55,28.25,32.9,52.49,46.73,9.31,0.0
SAN BERNARDINO,CA,2007,3272998.0,1989303.0,1.65,1,1003353.0,985950.0,80.59,9.08,1.42,46.75,85040.25,12.1,55995.0,23.3,25.6,33.25,17.85,27.1,49.95,48.15,5.61,0.04
JEFFERSON,AL,2010,2922930.0,658466.0,4.44,3,311813.0,346653.0,54.92,42.25,0.36,3.87,19528.0,18.6,41740.0,14.85,27.35,29.55,28.25,32.2,52.38,46.84,10.33,0.03
CHARLESTON,SC,2007,2880825.0,343255.0,8.39,3,166223.0,177032.0,64.99,32.02,0.34,3.68,22634.75,15.2,47297.0,13.75,22.75,27.15,36.3,25.5,51.85,46.8,4.36,0.07
SAN BERNARDINO,CA,2006,2843485.0,1970783.0,1.44,1,992912.0,977871.0,80.63,9.18,1.42,45.72,85040.25,13.8,52686.0,23.3,25.6,33.25,17.85,26.6,47.82,50.55,4.81,0.04
CHARLESTON,SC,2006,2759390.0,340333.0,8.11,3,164754.0,175579.0,64.71,32.34,0.33,3.52,22634.75,17.8,43697.0,13.75,22.75,27.15,36.3,24.8,50.16,48.39,5.02,0.07
JEFFERSON,AL,2009,2635160.0,665058.0,3.96,3,314487.0,350571.0,56.84,40.48,0.34,2.98,30639.0,16.5,43312.0,14.85,27.35,29.55,28.25,32.0,52.26,46.96,10.76,0.05
RUTHERFORD,TN,2009,2506490.0,255775.0,9.8,3,126936.0,128839.0,82.68,12.88,0.36,6.01,13880.0,12.4,53983.0,13.7,30.15,28.75,27.35,29.5,39.04,59.54,9.64,0.05
KERN,CA,2012,2492700.0,853963.0,2.92,2,437448.0,416515.0,83.05,6.27,2.63,50.3,40532.0,23.7,45599.0,28.85,26.55,29.95,14.65,28.5,40.41,57.17,12.63,0.05
JEFFERSON,AL,2008,2438638.0,662649.0,3.68,3,313066.0,349583.0,56.99,40.42,0.33,2.83,14449.75,13.8,46269.0,14.85,27.35,29.55,28.25,31.4,52.15,47.07,5.38,0.02
KERN,CA,2011,2324957.0,848140.0,2.74,2,436445.0,411695.0,83.06,6.35,2.64,49.83,40940.0,24.6,44903.0,28.85,26.55,29.95,14.65,28.0,40.34,57.35,14.67,0.05
JEFFERSON,AL,2007,2175920.0,660773.0,3.29,2,312021.0,348752.0,57.12,40.37,0.33,2.65,14449.75,15.1,44908.0,14.85,27.35,29.55,28.25,31.1,50.4,48.84,3.85,0.02
KERN,CA,2010,2023650.0,839631.0,2.41,2,433108.0,406523.0,83.13,6.41,2.68,49.19,45447.0,21.4,45045.0,28.85,26.55,29.95,14.65,27.8,40.27,57.53,15.74,0.05
KERN,CA,2009,1930910.0,804989.0,2.4,2,418144.0,386845.0,85.3,6.38,1.7,47.45,45951.0,22.2,46938.0,28.85,26.55,29.95,14.65,28.8,40.21,57.71,14.08,0.06
HENNEPIN,MN,2011,1897924.0,1169264.0,1.62,1,574924.0,594340.0,76.91,12.28,1.21,6.75,52669.0,13.6,60811.0,8.2,19.2,29.0,43.65,22.2,62.61,35.18,6.04,0.05
VENTURA,CA,2012,1891060.0,833801.0,2.27,2,413244.0,420557.0,85.24,2.19,1.84,41.17,32399.0,11.6,71043.0,17.95,19.3,33.0,29.75,20.6,52.28,45.25,8.87,0.04
HENNEPIN,MN,2012,1871139.0,1184224.0,1.58,1,582982.0,601242.0,76.55,12.42,1.21,6.76,63353.0,13.1,62500.0,8.2,19.2,29.0,43.65,22.7,62.34,35.3,5.22,0.05
JEFFERSON,AL,2006,1865635.0,660914.0,2.82,2,312151.0,348763.0,57.28,40.3,0.31,2.5,14449.75,14.3,41731.0,14.85,27.35,29.55,28.25,30.1,48.65,50.61,4.03,0.02
KERN,CA,2008,1847738.0,795921.0,2.32,2,413317.0,382604.0,85.41,6.39,1.68,46.81,43217.5,20.5,44716.0,28.85,26.55,29.95,14.65,29.0,40.14,57.89,9.84,0.05
HENNEPIN,MN,2010,1772514.0,1152425.0,1.54,1,566184.0,586241.0,77.38,12.08,1.21,6.74,53833.0,13.7,59252.0,8.2,19.2,29.0,43.65,21.9,62.88,35.05,7.01,0.05
VENTURA,CA,2011,1745635.0,830196.0,2.1,1,411900.0,418296.0,85.32,2.19,1.84,40.81,33502.0,11.5,74019.0,17.95,19.3,33.0,29.75,21.3,53.01,44.67,10.22,0.04
KERN,CA,2007,1739958.0,783566.0,2.22,1,406811.0,376755.0,85.51,6.34,1.69,46.03,43217.5,18.1,46639.0,28.85,26.55,29.95,14.65,29.4,38.24,60.06,8.16,0.06
HENNEPIN,MN,2008,1737418.0,1144737.0,1.52,1,565912.0,578825.0,80.27,10.8,1.09,5.66,56794.0,11.0,62275.0,8.2,19.2,29.0,43.65,22.5,63.42,34.81,4.92,0.05
HENNEPIN,MN,2009,1645283.0,1157905.0,1.42,1,573113.0,584792.0,80.16,10.77,1.08,5.8,57321.0,11.9,61651.0,8.2,19.2,29.0,43.65,21.2,63.15,34.93,7.25,0.05
VENTURA,CA,2010,1575440.0,823318.0,1.91,1,408969.0,414349.0,85.56,2.19,1.77,40.27,36675.0,11.0,71418.0,17.95,19.3,33.0,29.75,21.9,53.75,44.09,10.85,0.04
HENNEPIN,MN,2007,1516814.0,1134481.0,1.34,1,560589.0,573892.0,80.48,10.72,1.07,5.49,56794.0,10.6,60943.0,8.2,19.2,29.0,43.65,22.8,62.4,35.97,4.07,0.05
VENTURA,CA,2009,1497419.0,801061.0,1.87,1,400260.0,400801.0,86.97,2.38,1.34,38.43,37759.0,10.5,71246.0,17.95,19.3,33.0,29.75,23.3,54.48,43.5,9.64,0.05
RUTHERFORD,TN,2011,1442260.0,269016.0,5.36,3,132736.0,136280.0,81.05,12.97,0.53,6.8,16672.0,12.1,52586.0,13.7,30.15,28.75,27.35,31.7,37.57,60.89,7.96,0.06
HENNEPIN,MN,2006,1405059.0,1125730.0,1.25,1,555908.0,569822.0,80.77,10.57,1.07,5.31,56794.0,11.3,58275.0,8.2,19.2,29.0,43.65,23.0,61.38,37.12,3.56,0.05
KERN,CA,2006,1394010.0,767392.0,1.82,1,397944.0,369448.0,85.58,6.33,1.71,44.92,43217.5,20.5,42709.0,28.85,26.55,29.95,14.65,27.8,36.34,62.24,7.56,0.06
VENTURA,CA,2008,1389310.0,793737.0,1.75,1,396684.0,397053.0,87.1,2.35,1.34,37.87,35083.75,8.7,76190.0,17.95,19.3,33.0,29.75,23.5,55.21,42.92,6.32,0.04
VENTURA,CA,2007,1224080.5,788732.0,1.55,1,393962.0,394770.0,87.3,2.31,1.26,37.25,35083.75,8.7,72762.0,17.95,19.3,33.0,29.75,23.1,53.3,45.0,4.88,0.04
RUTHERFORD,TN,2010,1178050.0,262604.0,4.49,3,129726.0,132878.0,81.46,12.71,0.53,6.66,13032.0,14.4,51815.0,13.7,30.15,28.75,27.35,31.3,38.31,60.22,8.87,0.05
VENTURA,CA,2006,1132275.0,787266.0,1.44,1,393872.0,393394.0,87.49,2.33,1.19,36.63,35083.75,9.0,71807.0,17.95,19.3,33.0,29.75,21.1,51.39,47.08,4.3,0.04
RUTHERFORD,TN,2012,1124880.0,274142.0,4.1,3,135132.0,139010.0,80.81,13.16,0.52,6.91,19157.0,12.9,53566.0,13.7,30.15,28.75,27.35,33.9,36.84,61.56,6.51,0.07
RAMSEY,MN,2011,959620.0,515800.0,1.86,1,250135.0,265665.0,71.9,11.41,0.97,7.21,20774.0,17.7,51719.0,11.15,23.35,27.65,37.9,24.9,66.24,31.36,6.63,0.04
RAMSEY,MN,2012,884480.0,521026.0,1.7,1,253077.0,267949.0,71.25,11.46,0.96,7.26,26543.0,16.9,53707.0,11.15,23.35,27.65,37.9,25.1,66.33,31.13,5.72,0.05
RAMSEY,MN,2010,864140.0,508640.0,1.7,1,246642.0,261998.0,72.76,11.3,0.98,7.17,22887.0,17.2,50224.0,11.15,23.35,27.65,37.9,24.6,66.14,31.59,7.45,0.04
WALKER,AL,2011,842350.0,66577.0,12.65,4,32471.0,34106.0,91.98,5.89,0.43,2.08,0.0,22.1,35423.0,26.4,36.0,27.45,10.1,33.4,23.72,75.01,11.28,0.0
WALKER,AL,2012,837530.0,66096.0,12.67,4,32239.0,33857.0,91.77,5.99,0.43,2.11,587.0,21.0,36600.0,26.4,36.0,27.45,10.1,32.9,22.99,75.91,9.18,0.01
RAMSEY,MN,2009,758900.0,506872.0,1.5,1,246211.0,260661.0,77.92,9.13,0.95,6.37,23196.0,16.4,48008.0,11.15,23.35,27.65,37.9,24.2,66.05,31.83,7.61,0.05
WASHINGTON,TN,2012,745330.0,124775.0,5.97,3,60925.0,63850.0,92.47,4.13,0.38,3.04,8693.0,17.4,42371.0,16.85,29.5,26.25,27.4,32.4,29.82,68.3,7.07,0.07
TUSCALOOSA,AL,2012,733750.0,198794.0,3.69,3,96107.0,102687.0,66.89,30.33,0.32,3.15,2817.0,19.5,41495.0,16.5,28.9,27.45,27.1,32.7,40.78,58.21,6.99,0.01
WALKER,AL,2009,695680.0,68562.0,10.15,4,33273.0,35289.0,90.97,7.41,0.39,1.82,3827.0,16.0,36582.0,26.4,36.0,27.45,10.1,34.8,25.17,73.22,11.63,0.06
WASHINGTON,TN,2011,681640.0,123862.0,5.5,3,60497.0,63365.0,92.56,4.12,0.38,3.06,8779.0,18.3,41358.0,16.85,29.5,26.25,27.4,30.9,30.5,67.73,8.04,0.07
WALKER,AL,2010,680610.0,67023.0,10.15,4,32668.0,34355.0,92.1,5.89,0.43,1.95,2594.0,23.2,36044.0,26.4,36.0,27.45,10.1,36.0,24.45,74.11,12.72,0.04
BLOUNT,TN,2010,680130.0,123010.0,5.53,3,59559.0,63451.0,94.6,2.84,0.39,2.8,6133.0,14.0,41736.0,16.45,34.8,28.1,20.65,31.9,27.9,70.43,9.08,0.05
RAMSEY,MN,2008,677300.0,502977.0,1.35,1,244364.0,258613.0,78.12,9.11,0.95,6.26,23350.0,13.5,52762.0,11.15,23.35,27.65,37.9,25.6,65.96,32.06,5.24,0.05
BLOUNT,TN,2011,677190.0,123659.0,5.48,3,59865.0,63794.0,94.51,2.87,0.4,2.88,6307.0,14.6,45539.0,16.45,34.8,28.1,20.65,33.4,27.09,71.2,8.18,0.05
RUTHERFORD,TN,2008,670370.0,249642.0,2.69,2,123830.0,125812.0,83.17,12.52,0.34,5.74,15685.25,10.2,54335.0,13.7,30.15,28.75,27.35,30.6,39.77,58.87,5.77,0.06
TUSCALOOSA,AL,2011,666380.0,196719.0,3.39,3,95251.0,101468.0,67.27,30.04,0.32,3.13,0.0,20.2,42086.0,16.5,28.9,27.45,27.1,32.9,40.98,58.04,8.31,0.0
WASHINGTON,TN,2009,659700.0,120566.0,5.47,3,58664.0,61902.0,93.11,4.54,0.29,2.66,9019.0,17.6,39876.0,16.85,29.5,26.25,27.4,29.4,31.86,66.6,8.7,0.07
RUTHERFORD,TN,2007,656510.0,241396.0,2.72,2,119978.0,121418.0,83.61,12.18,0.33,5.41,15685.25,11.8,51307.0,13.7,30.15,28.75,27.35,30.9,39.2,59.61,3.7,0.06
BLOUNT,TN,2009,629740.0,122627.0,5.14,3,59313.0,63314.0,93.81,3.72,0.33,2.35,6607.0,11.7,45447.0,16.45,34.8,28.1,20.65,33.1,28.71,69.66,9.88,0.05
WALKER,AL,2008,629220.0,68904.0,9.13,3,33425.0,35479.0,91.13,7.31,0.4,1.73,1752.0,17.4,36221.0,26.4,36.0,27.45,10.1,33.1,25.9,72.32,5.71,0.03
BLOUNT,TN,2012,627580.0,123905.0,5.07,3,60067.0,63838.0,94.42,2.86,0.42,2.89,6364.0,14.5,46100.0,16.45,34.8,28.1,20.65,34.1,26.27,71.98,7.07,0.05
WASHINGTON,TN,2010,623430.0,122979.0,5.07,3,60089.0,62890.0,92.83,4.02,0.36,2.95,8578.0,17.8,41702.0,16.85,29.5,26.25,27.4,29.3,31.18,67.16,8.71,0.07
WASHINGTON,TN,2008,617110.0,119030.0,5.18,3,57839.0,61191.0,93.21,4.46,0.29,2.46,8767.25,14.0,42571.0,16.85,29.5,26.25,27.4,29.4,32.54,66.03,5.63,0.07
ANOKA,MN,2010,596600.0,330844.0,1.8,1,165327.0,165517.0,88.43,4.47,0.76,3.63,10031.0,7.4,65732.0,7.65,30.4,36.95,25.0,30.7,47.62,50.12,8.0,0.03
ANOKA,MN,2011,584700.0,332876.0,1.76,1,166289.0,166587.0,88.07,4.65,0.77,3.68,9968.0,8.6,63799.0,7.65,30.4,36.95,25.0,29.5,47.57,50.12,6.84,0.03
ANOKA,MN,2012,579300.0,336093.0,1.72,1,167980.0,168113.0,87.73,4.84,0.78,3.75,9357.0,8.3,67811.0,7.65,30.4,36.95,25.0,29.6,47.52,50.11,5.87,0.03
RAMSEY,MN,2007,570022.0,499467.0,1.14,1,242433.0,257034.0,78.4,9.09,0.93,6.13,23350.0,13.5,51803.0,11.15,23.35,27.65,37.9,25.5,65.23,32.95,4.39,0.05
WASHINGTON,TN,2007,553040.0,116895.0,4.73,3,56836.0,60059.0,93.27,4.44,0.28,2.33,8767.25,17.3,40267.0,16.85,29.5,26.25,27.4,29.0,32.71,66.04,4.04,0.08
TUSCALOOSA,AL,2009,548860.0,185482.0,2.96,2,89154.0,96328.0,66.52,30.99,0.28,2.23,11035.0,19.9,41842.0,16.5,28.9,27.45,27.1,34.6,41.37,57.71,10.17,0.06
BLOUNT,TN,2008,544390.0,121624.0,4.48,3,58876.0,62748.0,94.02,3.57,0.33,2.24,6352.75,10.8,47225.0,16.45,34.8,28.1,20.65,31.5,29.53,68.88,6.17,0.05
TUSCALOOSA,AL,2010,543330.0,194656.0,2.79,2,94400.0,100256.0,67.77,29.71,0.32,3.06,9733.0,18.0,43098.0,16.5,28.9,27.45,27.1,33.2,41.17,57.88,9.22,0.05
DAKOTA,MN,2012,542300.0,404617.0,1.34,1,198696.0,205921.0,87.02,5.23,0.52,6.32,9351.0,7.5,71574.0,6.05,22.3,33.65,38.0,25.9,50.37,47.45,5.19,0.02
DAKOTA,MN,2011,540465.0,401738.0,1.35,1,197295.0,204443.0,87.31,5.04,0.52,6.18,9285.0,7.0,70064.0,6.05,22.3,33.65,38.0,24.7,50.72,47.16,6.07,0.02
RAMSEY,MN,2006,538951.0,496730.0,1.08,1,240872.0,255858.0,78.66,8.98,0.91,6.04,23350.0,14.3,50813.0,11.15,23.35,27.65,37.9,25.0,64.5,33.84,3.88,0.05
DORCHESTER,SC,2012,535600.0,142632.0,3.76,3,69612.0,73020.0,69.37,25.53,0.74,4.58,3001.0,11.4,53924.0,13.9,28.8,32.9,24.4,31.0,41.24,57.22,7.79,0.02
MINGO,WV,2007,526230.0,26671.0,19.73,4,13070.0,13601.0,96.13,2.34,0.25,0.7,696.0,24.9,30139.0,33.0,39.15,19.55,8.25,35.3,46.26,52.08,5.69,0.03
LOGAN,WV,2011,512430.0,36456.0,14.06,4,18031.0,18425.0,96.72,2.09,0.11,0.84,1136.0,21.4,34001.0,29.15,39.05,23.1,8.75,40.4,32.69,65.22,8.88,0.03
WASHINGTON,TN,2006,509510.0,115057.0,4.43,3,55915.0,59142.0,93.45,4.38,0.28,2.2,8767.25,15.5,37416.0,16.85,29.5,26.25,27.4,28.6,32.88,66.05,4.53,0.08
WALKER,AL,2007,503890.0,68601.0,7.35,3,33300.0,35301.0,91.4,7.11,0.38,1.59,1752.0,19.1,35497.0,26.4,36.0,27.45,10.1,32.4,27.37,71.13,4.32,0.03
MINGO,WV,2008,493510.0,26332.0,18.74,4,12912.0,13420.0,96.06,2.35,0.25,0.75,696.0,24.6,27438.0,33.0,39.15,19.55,8.25,32.6,42.96,55.01,4.25,0.03
TUSCALOOSA,AL,2008,488900.0,181821.0,2.69,2,87568.0,94253.0,66.87,30.7,0.26,2.09,5896.25,17.3,43744.0,16.5,28.9,27.45,27.1,33.1,41.56,57.54,4.71,0.03
TUSCALOOSA,AL,2007,486920.0,179019.0,2.72,2,86442.0,92577.0,67.1,30.52,0.26,2.0,5896.25,18.6,41543.0,16.5,28.9,27.45,27.1,32.2,40.64,58.5,3.28,0.03
ANOKA,MN,2009,485400.0,330932.0,1.47,1,166455.0,164477.0,90.0,3.71,0.77,3.22,11006.0,7.1,67349.0,7.65,30.4,36.95,25.0,30.4,47.68,50.12,8.36,0.03
DORCHESTER,SC,2011,482980.0,140167.0,3.45,3,68179.0,71988.0,69.23,25.83,0.73,4.52,3295.0,12.9,51332.0,13.9,28.8,32.9,24.4,30.4,41.33,57.19,8.96,0.02
WALKER,AL,2006,482110.0,68979.0,6.99,3,33415.0,35564.0,91.51,7.05,0.37,1.46,1752.0,17.0,35123.0,26.4,36.0,27.45,10.1,31.6,28.84,69.94,4.56,0.03
DAKOTA,MN,2010,478525.0,398552.0,1.2,1,195661.0,202891.0,87.66,4.84,0.51,6.01,9782.0,7.0,69688.0,6.05,22.3,33.65,38.0,25.4,51.08,46.87,6.97,0.02
BERKELEY,SC,2012,476840.0,189535.0,2.52,2,94577.0,94958.0,69.05,25.16,0.73,5.99,4830.0,13.8,49872.0,15.75,32.15,33.25,18.85,36.5,41.85,56.42,8.38,0.03
CULLMAN,AL,2011,472950.0,80401.0,5.88,3,39726.0,40675.0,96.7,1.12,0.55,4.22,0.0,18.2,39395.0,23.75,33.95,28.9,13.4,34.4,15.15,83.58,9.51,0.0
BLOUNT,TN,2006,472860.0,118050.0,4.01,3,57145.0,60905.0,94.34,3.39,0.33,1.91,6352.75,12.9,43457.0,16.45,34.8,28.1,20.65,29.3,30.2,68.56,4.35,0.05
RUTHERFORD,TN,2006,465230.0,231030.0,2.01,1,114847.0,116183.0,84.12,11.79,0.33,5.0,15685.25,12.3,48924.0,13.7,30.15,28.75,27.35,31.0,38.63,60.36,4.02,0.07
BLOUNT,TN,2007,457360.0,119821.0,3.82,3,58074.0,61747.0,94.13,3.51,0.33,2.08,6352.75,12.0,47466.0,16.45,34.8,28.1,20.65,29.9,29.87,68.72,3.94,0.05
BERKELEY,SC,2011,455980.0,183692.0,2.48,2,91782.0,91910.0,69.06,25.33,0.72,6.0,4384.0,15.5,49516.0,15.75,32.15,33.25,18.85,36.5,42.1,56.29,9.57,0.02
DORCHESTER,SC,2010,453720.0,136555.0,3.32,2,66381.0,70174.0,69.22,26.06,0.71,4.45,4423.0,11.7,51132.0,13.9,28.8,32.9,24.4,29.0,41.42,57.16,9.53,0.03
ANOKA,MN,2007,448170.0,326554.0,1.37,1,164098.0,162456.0,90.56,3.36,0.75,2.98,10090.5,6.4,65832.0,7.65,30.4,36.95,25.0,27.7,47.32,50.79,4.53,0.03
BERKELEY,SC,2010,447160.0,177843.0,2.51,2,88729.0,89114.0,69.06,25.4,0.74,6.05,4567.0,15.0,49284.0,15.75,32.15,33.25,18.85,38.8,42.34,56.16,10.02,0.03
ANOKA,MN,2008,441700.0,328484.0,1.34,1,165084.0,163400.0,90.21,3.55,0.76,3.12,10090.5,5.8,69981.0,7.65,30.4,36.95,25.0,28.6,47.73,50.13,5.47,0.03
CULLMAN,AL,2012,434130.0,80273.0,5.41,3,39700.0,40573.0,96.65,1.14,0.56,4.15,416.0,18.7,37938.0,23.75,33.95,28.9,13.4,34.7,14.66,84.16,7.71,0.01
DORCHESTER,SC,2009,432230.0,130371.0,3.32,2,63833.0,66538.0,70.05,26.21,0.6,3.96,4101.0,13.3,52443.0,13.9,28.8,32.9,24.4,29.8,41.52,57.14,9.75,0.03
DAKOTA,MN,2009,430500.0,396244.0,1.09,1,195945.0,200299.0,89.07,4.2,0.64,4.93,11955.0,6.1,69807.0,6.05,22.3,33.65,38.0,26.4,51.44,46.58,7.19,0.03
LOGAN,WV,2012,429960.0,36313.0,11.84,4,17982.0,18331.0,96.57,2.17,0.11,0.79,1226.0,20.9,33542.0,29.15,39.05,23.1,8.75,41.2,29.04,68.83,9.73,0.03
BERKELEY,SC,2009,429080.0,173199.0,2.48,2,87179.0,86020.0,68.98,26.68,0.53,4.89,5560.0,15.2,49609.0,15.75,32.15,33.25,18.85,38.0,42.59,56.02,10.26,0.03
COFFEE,TN,2012,428200.0,53149.0,8.06,3,25847.0,27302.0,93.12,3.59,0.4,3.83,2713.0,18.5,41328.0,19.85,35.4,26.5,18.2,38.4,30.48,67.62,8.19,0.05
DAKOTA,MN,2008,422340.0,393208.0,1.07,1,194435.0,198773.0,89.43,4.06,0.62,4.77,10093.25,4.6,71988.0,6.05,22.3,33.65,38.0,26.9,51.79,46.29,4.92,0.03
WASHINGTON,MN,2011,406900.0,241394.0,1.69,1,119435.0,121959.0,88.38,3.9,0.5,3.49,5415.0,5.9,77069.0,4.95,23.85,33.1,38.1,24.8,49.86,48.22,5.89,0.02
LOGAN,WV,2010,399870.0,36743.0,10.88,4,18098.0,18645.0,96.72,2.15,0.1,0.7,1281.0,22.3,33202.0,29.15,39.05,23.1,8.75,41.2,36.33,61.62,10.12,0.03
ANOKA,MN,2006,398101.0,324070.0,1.23,1,163014.0,161056.0,91.12,3.05,0.73,2.82,10090.5,6.0,66271.0,7.65,30.4,36.95,25.0,27.0,46.91,51.45,3.89,0.03
WASHINGTON,MN,2010,395900.0,238136.0,1.66,1,117804.0,120332.0,88.77,3.67,0.5,3.41,5561.0,5.8,77591.0,4.95,23.85,33.1,38.1,24.3,50.33,47.79,6.7,0.02
WASHINGTON,MN,2012,393990.0,243691.0,1.62,1,120588.0,123103.0,88.22,3.97,0.51,3.61,5438.0,5.5,80647.0,4.95,23.85,33.1,38.1,25.7,49.39,48.64,5.11,0.02
LOGAN,WV,2006,393500.0,35575.0,11.06,4,17292.0,18283.0,96.14,2.62,0.14,0.7,1280.75,24.0,30271.0,29.15,39.05,23.1,8.75,36.4,48.09,50.72,4.87,0.04
DORCHESTER,SC,2008,384190.0,127789.0,3.01,2,62747.0,65042.0,70.54,25.76,0.62,3.73,3705.0,10.1,60254.0,13.9,28.8,32.9,24.4,29.8,41.61,57.11,5.64,0.03
LOGAN,WV,2009,383140.0,35434.0,10.81,4,17329.0,18105.0,95.98,2.7,0.16,0.82,1480.0,20.9,34596.0,29.15,39.05,23.1,8.75,38.0,39.97,58.02,8.04,0.04
DAKOTA,MN,2006,375081.0,385358.0,0.97,1,190522.0,194836.0,90.18,3.68,0.56,4.36,10093.25,5.0,70540.0,6.05,22.3,33.65,38.0,24.1,50.13,48.38,3.52,0.03
DAKOTA,MN,2007,374603.0,390007.0,0.96,1,192945.0,197062.0,89.76,3.9,0.59,4.58,10093.25,5.4,74442.0,6.05,22.3,33.65,38.0,25.6,50.96,47.34,4.06,0.03
TUSCALOOSA,AL,2006,373180.0,176970.0,2.11,1,85263.0,91707.0,67.29,30.37,0.25,1.88,5896.25,19.7,37952.0,16.5,28.9,27.45,27.1,31.1,39.72,59.47,3.3,0.03
BERKELEY,SC,2008,369820.0,169448.0,2.18,1,85359.0,84089.0,68.86,26.83,0.52,4.7,4835.25,14.0,49414.0,15.75,32.15,33.25,18.85,36.3,42.84,55.89,6.13,0.03
CULLMAN,AL,2010,369450.0,80406.0,4.59,3,39719.0,40687.0,96.78,1.14,0.58,4.3,4749.0,19.2,37948.0,23.75,33.95,28.9,13.4,32.4,15.63,83.0,10.44,0.06
COFFEE,TN,2011,368170.0,52916.0,6.96,3,25743.0,27173.0,93.27,3.62,0.4,3.8,2412.0,21.1,35571.0,19.85,35.4,26.5,18.2,35.6,31.43,66.65,9.93,0.05
CULLMAN,AL,2009,365160.0,81723.0,4.47,3,40369.0,41354.0,95.53,2.47,0.51,3.92,4617.0,19.3,37425.0,23.75,33.95,28.9,13.4,32.0,16.12,82.43,10.25,0.06
MINGO,WV,2009,364910.0,26368.0,13.84,4,12964.0,13404.0,95.91,2.47,0.25,0.77,938.0,26.9,29102.0,33.0,39.15,19.55,8.25,31.8,39.09,58.78,8.87,0.04
LOGAN,WV,2008,353980.0,35456.0,9.98,3,17318.0,18138.0,96.06,2.65,0.16,0.76,1280.75,23.1,33866.0,29.15,39.05,23.1,8.75,34.0,43.62,54.41,4.18,0.04
WASHINGTON,MN,2009,352240.0,230981.0,1.52,1,115063.0,115918.0,89.86,3.22,0.57,3.19,6256.0,5.7,75421.0,4.95,23.85,33.1,38.1,25.8,50.8,47.36,7.25,0.03
BERKELEY,WV,2012,344210.0,106950.0,3.22,2,52863.0,54087.0,88.81,7.31,0.27,3.86,5476.0,13.2,52672.0,17.1,39.2,25.75,17.9,35.7,38.4,59.6,6.69,0.05
MINGO,WV,2006,343120.0,26631.0,12.88,4,12998.0,13633.0,96.12,2.39,0.25,0.63,696.0,24.1,27835.0,33.0,39.15,19.55,8.25,36.8,49.55,49.14,5.5,0.03
LOGAN,WV,2007,343000.0,35469.0,9.67,3,17257.0,18212.0,96.09,2.66,0.15,0.74,1280.75,22.2,32251.0,29.15,39.05,23.1,8.75,35.4,45.85,52.56,5.25,0.04
BERKELEY,WV,2011,342490.0,105718.0,3.24,2,52316.0,53402.0,88.95,7.29,0.27,3.82,5109.0,14.8,51029.0,17.1,39.2,25.75,17.9,34.2,39.52,58.67,7.72,0.05
BERKELEY,WV,2010,336020.0,104169.0,3.23,2,51703.0,52466.0,89.11,7.29,0.3,3.8,5162.0,12.7,50923.0,17.1,39.2,25.75,17.9,33.3,40.64,57.75,8.59,0.05
WASHINGTON,MN,2008,332260.0,229068.0,1.45,1,113992.0,115076.0,90.02,3.17,0.56,3.16,5667.5,4.5,79670.0,4.95,23.85,33.1,38.1,25.8,51.27,46.94,4.98,0.02
DORCHESTER,SC,2007,325900.0,123916.0,2.63,2,60851.0,63065.0,70.98,25.5,0.64,3.51,3705.0,10.7,53613.0,13.9,28.8,32.9,24.4,31.1,40.12,58.57,4.36,0.03
COFFEE,TN,2009,323600.0,52575.0,6.16,3,25584.0,26991.0,92.89,4.59,0.36,3.78,2633.0,16.6,39882.0,19.85,35.4,26.5,18.2,33.1,33.34,64.7,10.74,0.05
BEAUFORT,SC,2011,319660.0,164029.0,1.95,1,80561.0,83468.0,76.9,19.63,0.44,11.75,4094.0,12.9,55018.0,9.75,23.25,30.5,36.5,22.0,41.58,57.41,8.71,0.02
BERKELEY,SC,2007,317360.0,163507.0,1.94,1,82498.0,81009.0,69.02,26.71,0.51,4.42,4835.25,10.6,48746.0,15.75,32.15,33.25,18.85,33.5,41.64,57.08,4.79,0.03
MARION,AL,2012,316890.0,30487.0,10.39,4,15136.0,15351.0,94.31,3.87,0.4,2.28,407.0,22.2,32237.0,28.05,34.1,27.1,10.7,34.9,18.58,80.11,8.92,0.01
CULLMAN,AL,2008,315590.0,81473.0,3.87,3,40247.0,41226.0,95.74,2.31,0.5,3.7,2445.5,14.8,39276.0,23.75,33.95,28.9,13.4,30.1,16.61,81.85,4.89,0.03
WASHINGTON,MN,2007,315000.0,225982.0,1.39,1,112499.0,113483.0,90.41,3.01,0.54,3.03,5667.5,4.7,78113.0,4.95,23.85,33.1,38.1,26.7,50.4,48.0,3.98,0.03
COFFEE,TN,2010,310600.0,52796.0,5.88,3,25655.0,27141.0,93.52,3.58,0.38,3.8,2396.0,22.1,39321.0,19.85,35.4,26.5,18.2,34.5,32.39,65.67,10.8,0.05
FRANKLIN,AL,2012,309400.0,31689.0,9.76,3,15784.0,15905.0,92.28,4.38,1.45,15.42,339.0,19.5,33173.0,30.75,34.0,23.7,11.55,34.2,29.2,69.68,8.38,0.01
BERKELEY,WV,2009,303800.0,103728.0,2.93,2,51713.0,52015.0,89.96,7.27,0.33,3.18,5975.0,10.6,51243.0,17.1,39.2,25.75,17.9,31.5,41.77,56.82,8.49,0.06
MARION,AL,2011,301640.0,30651.0,9.84,3,15240.0,15411.0,94.43,3.91,0.37,2.24,0.0,25.6,30926.0,28.05,34.1,27.1,10.7,34.1,19.2,79.38,11.2,0.0
BEAUFORT,SC,2010,301320.0,162233.0,1.86,1,80089.0,82144.0,76.86,19.69,0.44,12.06,4193.0,13.0,55266.0,9.75,23.25,30.5,36.5,21.6,42.43,56.58,8.66,0.03
BEAUFORT,SC,2009,291330.0,153274.0,1.9,1,76399.0,76875.0,75.98,20.87,0.42,9.5,5217.0,12.0,54085.0,9.75,23.25,30.5,36.5,21.0,43.28,55.75,8.72,0.03
BEAUFORT,SC,2008,284700.0,150679.0,1.89,1,75089.0,75590.0,75.89,21.06,0.4,9.31,4555.75,10.1,55897.0,9.75,23.25,30.5,36.5,20.1,44.14,54.92,5.29,0.03
BEAUFORT,SC,2012,282680.0,167409.0,1.69,1,82596.0,84813.0,77.05,19.35,0.45,11.58,4719.0,13.1,54139.0,9.75,23.25,30.5,36.5,22.5,40.72,58.24,7.53,0.03
COFFEE,TN,2007,280840.0,51826.0,5.42,3,25198.0,26628.0,93.29,4.27,0.36,3.47,2538.5,14.2,40738.0,19.85,35.4,26.5,18.2,31.0,35.95,62.41,4.55,0.05
FRANKLIN,TN,2012,277780.0,40673.0,6.83,3,19802.0,20871.0,92.01,5.06,0.41,2.68,2824.0,18.2,42066.0,20.3,37.0,24.75,17.95,30.6,34.76,63.66,7.78,0.07
COFFEE,TN,2008,276800.0,52246.0,5.3,3,25442.0,26804.0,93.12,4.38,0.36,3.7,2538.5,17.1,41072.0,19.85,35.4,26.5,18.2,33.8,34.3,63.73,6.31,0.05
WASHINGTON,MN,2006,275901.0,221764.0,1.24,1,110453.0,111311.0,90.99,2.87,0.53,2.89,5667.5,4.5,76563.0,4.95,23.85,33.1,38.1,25.7,49.53,49.06,3.53,0.03
BERKELEY,WV,2008,262100.0,102420.0,2.56,2,50997.0,51423.0,90.25,7.03,0.31,3.08,5430.5,11.2,52472.0,17.1,39.2,25.75,17.9,31.9,42.89,55.89,4.74,0.05
FRANKLIN,AL,2011,261080.0,31771.0,8.22,3,15845.0,15926.0,92.75,4.1,1.44,15.23,0.0,19.9,33705.0,30.75,34.0,23.7,11.55,33.5,29.32,69.47,9.56,0.0
WARREN,TN,2012,260650.0,39745.0,6.56,3,19547.0,20198.0,94.21,3.39,0.41,8.32,2668.0,22.5,33576.0,26.75,40.95,20.6,11.75,31.7,36.51,61.54,8.75,0.07
BEAUFORT,SC,2007,258560.0,146443.0,1.77,1,73102.0,73341.0,75.72,21.36,0.36,8.91,4555.75,10.4,54209.0,9.75,23.25,30.5,36.5,20.1,42.84,56.28,4.36,0.03
WARREN,TN,2011,251330.0,39903.0,6.3,3,19705.0,20198.0,94.4,3.32,0.39,8.2,2531.0,22.6,32823.0,26.75,40.95,20.6,11.75,32.2,36.96,61.02,10.2,0.06
DORCHESTER,SC,2006,249440.0,118119.0,2.11,1,57898.0,60221.0,70.98,25.64,0.64,3.14,3705.0,10.0,50485.0,13.9,28.8,32.9,24.4,31.0,38.63,60.02,5.06,0.03
JEFFERSON,TN,2012,247900.0,52240.0,4.75,3,25690.0,26550.0,95.73,2.13,0.45,3.33,3100.0,18.4,39970.0,22.8,37.0,25.7,14.5,28.4,24.1,74.25,9.35,0.06
CULLMAN,AL,2007,247280.0,80591.0,3.07,2,39878.0,40713.0,95.96,2.16,0.48,3.53,2445.5,14.2,39194.0,23.75,33.95,28.9,13.4,29.4,18.17,80.44,3.38,0.03
BERKELEY,SC,2006,244450.0,158250.0,1.54,1,79961.0,78289.0,68.96,26.83,0.53,4.13,4835.25,10.7,48162.0,15.75,32.15,33.25,18.85,32.2,40.45,58.27,5.55,0.03
WARREN,TN,2008,243360.0,40189.0,6.06,3,19775.0,20414.0,94.27,3.7,0.33,8.19,2517.0,19.6,35107.0,26.75,40.95,20.6,11.75,32.9,38.3,59.46,8.48,0.06
JEFFERSON,TN,2011,242800.0,51903.0,4.68,3,25486.0,26417.0,95.78,2.08,0.44,3.33,3121.0,19.5,38174.0,22.8,37.0,25.7,14.5,27.9,25.06,73.35,10.48,0.06
MARION,AL,2007,240510.0,29481.0,8.16,3,14668.0,14813.0,93.31,5.1,0.45,1.93,397.25,19.7,32752.0,28.05,34.1,27.1,10.7,29.3,23.17,75.33,5.22,0.01
FRANKLIN,TN,2011,239110.0,40819.0,5.86,3,19888.0,20931.0,91.98,5.14,0.38,2.61,2583.0,18.3,39935.0,20.3,37.0,24.75,17.95,30.4,35.55,62.86,9.35,0.06
JEFFERSON,TN,2010,236680.0,51407.0,4.6,3,25245.0,26162.0,95.85,2.12,0.44,3.15,2492.0,16.7,37279.0,22.8,37.0,25.7,14.5,28.4,26.02,72.45,11.47,0.05
JEFFERSON,TN,2009,232840.0,51831.0,4.49,3,25393.0,26438.0,94.8,3.17,0.42,2.76,2780.0,20.2,37411.0,22.8,37.0,25.7,14.5,32.1,26.98,71.55,12.63,0.05
BEAUFORT,SC,2006,228670.0,142926.0,1.6,1,71355.0,71571.0,75.31,21.89,0.35,8.54,4555.75,11.9,51209.0,9.75,23.25,30.5,36.5,20.4,41.53,57.63,4.78,0.03
WARREN,TN,2010,228110.0,39839.0,5.73,3,19653.0,20186.0,94.57,3.22,0.39,8.09,2636.0,26.4,33265.0,26.75,40.95,20.6,11.75,34.1,37.41,60.5,10.91,0.07
MARION,AL,2010,224570.0,30776.0,7.3,3,15293.0,15483.0,94.58,3.88,0.33,2.05,715.0,20.9,32080.0,28.05,34.1,27.1,10.7,33.0,19.81,78.65,13.56,0.02
GRUNDY,TN,2011,223350.0,13587.0,16.44,4,6709.0,6878.0,97.92,0.34,0.49,0.88,435.0,31.2,27428.0,35.8,38.2,16.95,9.05,27.9,39.72,58.37,12.41,0.03
MARION,WV,2011,223130.0,56670.0,3.94,3,27715.0,28955.0,94.34,3.44,0.23,1.0,1268.0,16.3,39774.0,15.7,40.05,25.25,19.0,32.6,43.5,54.15,6.88,0.02
MARION,AL,2009,221870.0,28955.0,7.66,3,14393.0,14562.0,92.9,5.46,0.45,2.04,467.0,21.2,32317.0,28.05,34.1,27.1,10.7,32.7,20.42,77.91,16.59,0.02
JEFFERSON,TN,2008,217830.0,51482.0,4.23,3,25216.0,26266.0,94.95,3.07,0.42,2.65,2873.25,16.5,36815.0,22.8,37.0,25.7,14.5,30.4,27.94,70.65,7.1,0.06
MARION,WV,2009,216600.0,57134.0,3.79,3,27659.0,29475.0,94.84,3.5,0.23,1.16,1658.0,17.1,36584.0,15.7,40.05,25.25,19.0,34.7,47.3,50.53,5.91,0.03
FRANKLIN,AL,2010,213790.0,31704.0,6.74,3,15828.0,15876.0,92.74,4.05,1.49,14.86,969.0,21.6,33649.0,30.75,34.0,23.7,11.55,34.3,29.44,69.25,10.77,0.03
MARION,AL,2008,208690.0,29378.0,7.1,3,14585.0,14793.0,93.04,5.32,0.45,2.07,397.25,19.6,31602.0,28.05,34.1,27.1,10.7,28.6,21.04,77.18,8.0,0.01
CULLMAN,AL,2006,206410.0,79867.0,2.58,2,39531.0,40336.0,96.23,1.93,0.48,3.33,2445.5,15.7,35774.0,23.75,33.95,28.9,13.4,27.4,19.73,79.03,3.42,0.03
WINSTON,AL,2012,206150.0,24190.0,8.52,3,11928.0,12262.0,96.86,0.62,0.79,2.82,163.0,26.4,32663.0,30.1,35.25,24.1,10.6,28.7,13.24,85.57,10.0,0.01
FRANKLIN,AL,2009,205830.0,31217.0,6.59,3,15585.0,15632.0,92.5,5.4,0.45,13.39,1173.0,21.8,32588.0,30.75,34.0,23.7,11.55,31.2,29.55,69.04,13.43,0.04
MINGO,WV,2010,198670.0,26839.0,7.4,3,13160.0,13679.0,97.1,1.78,0.07,0.44,571.0,23.7,31915.0,33.0,39.15,19.55,8.25,34.9,35.23,62.56,9.84,0.02
MARION,WV,2012,198650.0,56745.0,3.5,3,27735.0,29010.0,94.34,3.44,0.23,1.01,1764.0,17.2,40638.0,15.7,40.05,25.25,19.0,34.4,41.59,55.96,6.44,0.03
FRANKLIN,AL,2008,196150.0,31121.0,6.3,3,15477.0,15644.0,92.68,5.24,0.45,12.69,620.25,19.5,35248.0,30.75,34.0,23.7,11.55,29.5,29.67,68.83,7.43,0.02
MARION,WV,2010,196050.0,56418.0,3.47,3,27546.0,28872.0,94.57,3.33,0.2,0.91,1235.0,16.8,38856.0,15.7,40.05,25.25,19.0,33.8,45.4,52.34,7.28,0.02
MARION,TN,2012,195700.0,28215.0,6.94,3,13836.0,14379.0,94.08,3.68,0.47,1.46,1619.0,18.5,39170.0,27.05,36.35,25.25,11.25,30.6,37.98,60.26,9.11,0.06
COFFEE,AL,2011,194410.0,50435.0,3.85,3,24939.0,25496.0,77.09,17.2,1.47,6.29,0.0,16.9,42173.0,20.7,27.75,30.5,21.0,28.5,24.99,74.17,8.15,0.0
WINSTON,AL,2011,194276.0,24358.0,7.98,3,11986.0,12372.0,96.86,0.63,0.79,2.7,0.0,19.8,31018.0,30.1,35.25,24.1,10.6,33.4,14.31,84.37,13.49,0.0
WYOMING,WV,2012,193630.0,23207.0,8.34,3,11543.0,11664.0,98.13,0.54,0.18,0.55,318.0,22.0,32880.0,28.65,45.1,17.95,8.2,37.9,21.04,76.68,9.17,0.01
WARREN,TN,2007,193330.0,39929.0,4.84,3,19730.0,20199.0,94.48,3.58,0.31,7.73,2517.0,16.6,38210.0,26.75,40.95,20.6,11.75,31.7,40.54,57.62,6.37,0.06
GRUNDY,TN,2012,193220.0,13591.0,14.22,4,6726.0,6865.0,97.61,0.49,0.54,1.0,545.0,25.6,27915.0,35.8,38.2,16.95,9.05,30.0,38.78,59.38,10.04,0.04
BLOUNT,AL,2012,192640.0,57570.0,3.35,3,28426.0,29144.0,96.24,1.59,0.6,8.42,254.0,16.2,44225.0,24.9,34.15,29.6,11.35,32.4,12.37,86.47,6.88,0.0
WARREN,TN,2009,191400.0,40450.0,4.73,3,19974.0,20476.0,94.14,3.74,0.35,8.44,2233.0,19.1,33836.0,26.75,40.95,20.6,11.75,34.6,37.85,59.98,14.32,0.06
FRANKLIN,TN,2007,189640.0,41261.0,4.6,3,20286.0,20975.0,91.97,5.95,0.31,2.44,2544.25,11.8,41528.0,20.3,37.0,24.75,17.95,30.1,39.88,58.71,4.92,0.06
FAYETTE,WV,2009,189160.0,46218.0,4.09,3,23100.0,23118.0,93.26,5.03,0.31,1.01,1243.0,21.6,31920.0,24.6,41.75,20.95,12.7,33.8,45.37,52.64,8.43,0.03
MARION,WV,2008,188950.0,56747.0,3.33,2,27410.0,29337.0,94.95,3.43,0.23,1.12,1481.25,18.8,35630.0,15.7,40.05,25.25,19.0,31.3,49.21,48.72,3.58,0.03
BERKELEY,WV,2007,188620.0,99777.0,1.89,1,49679.0,50098.0,90.71,6.69,0.3,2.95,5430.5,10.1,52566.0,17.1,39.2,25.75,17.9,32.8,41.23,57.67,4.11,0.05
COFFEE,TN,2006,187880.0,51459.0,3.65,3,25065.0,26394.0,93.46,4.16,0.33,3.31,2538.5,17.3,38106.0,19.85,35.4,26.5,18.2,28.1,37.59,61.1,5.48,0.05
COLLETON,SC,2012,183570.0,38116.0,4.82,3,18322.0,19794.0,58.27,38.99,0.81,2.83,1885.0,22.0,33208.0,22.3,38.95,25.35,13.45,39.6,49.6,49.41,12.08,0.05
COFFEE,AL,2012,180750.0,51136.0,3.53,3,25299.0,25837.0,76.82,17.32,1.41,6.26,761.0,15.1,45631.0,20.7,27.75,30.5,21.0,30.2,24.91,74.18,7.04,0.01
BERKELEY,WV,2006,178000.0,96807.0,1.84,1,48228.0,48579.0,91.22,6.28,0.3,2.74,5430.5,8.9,50158.0,17.1,39.2,25.75,17.9,33.5,39.56,59.46,4.22,0.06
COLLETON,SC,2010,177080.0,38892.0,4.55,3,18747.0,20145.0,58.18,39.19,0.89,2.81,2247.0,22.6,32446.0,22.3,38.95,25.35,13.45,36.7,49.67,49.31,13.76,0.06
JEFFERSON,TN,2007,176900.0,50570.0,3.5,3,24814.0,25756.0,95.09,2.95,0.44,2.51,2873.25,17.4,39580.0,22.8,37.0,25.7,14.5,28.8,28.9,69.87,5.1,0.06
COFFEE,AL,2010,176010.0,49948.0,3.52,3,24684.0,25264.0,77.48,16.95,1.45,6.37,1987.0,20.1,40779.0,20.7,27.75,30.5,21.0,29.9,25.07,74.15,8.61,0.04
MINGO,WV,2012,174640.0,26189.0,6.67,3,12912.0,13277.0,96.75,1.86,0.08,0.65,663.0,23.8,32736.0,33.0,39.15,19.55,8.25,40.5,27.5,70.11,9.71,0.03
WINSTON,AL,2008,174600.0,24043.0,7.26,3,11888.0,12155.0,96.41,1.84,0.58,2.68,544.75,18.3,32018.0,30.1,35.25,24.1,10.6,29.3,17.52,80.78,8.73,0.02
MARION,TN,2011,173260.0,28096.0,6.17,3,13826.0,14270.0,94.17,3.73,0.45,1.39,1791.0,17.9,40136.0,27.05,36.35,25.25,11.25,28.3,38.33,59.94,10.46,0.06
MARION,SC,2012,172850.0,32410.0,5.33,3,14871.0,17539.0,41.14,56.5,0.61,2.52,1329.0,26.0,29140.0,26.65,37.1,22.95,13.3,39.2,64.65,34.46,15.86,0.04
FRANKLIN,AL,2007,171950.0,30701.0,5.6,3,15274.0,15427.0,93.11,5.02,0.45,11.72,620.25,20.1,30765.0,30.75,34.0,23.7,11.55,29.8,31.45,67.29,4.63,0.02
MARION,WV,2007,171630.0,56958.0,3.01,2,27483.0,29475.0,94.95,3.43,0.24,1.08,1481.25,16.0,38000.0,15.7,40.05,25.25,19.0,31.1,49.58,48.6,4.23,0.03
MCDOWELL,WV,2010,171130.0,22113.0,7.74,3,10937.0,11176.0,89.21,9.53,0.16,0.41,774.0,33.6,24133.0,42.35,38.85,13.6,5.25,36.7,43.71,54.4,13.22,0.04
COLLETON,SC,2011,167970.0,38454.0,4.37,3,18494.0,19960.0,58.07,39.31,0.85,2.77,2021.0,28.1,32963.0,22.3,38.95,25.35,13.45,38.2,49.64,49.36,14.12,0.05
MARION,TN,2010,167600.0,28237.0,5.94,3,13871.0,14366.0,94.46,3.61,0.42,1.28,1742.0,21.9,37672.0,27.05,36.35,25.25,11.25,29.9,38.69,59.62,11.13,0.06
JEFFERSON,TN,2006,167580.0,49375.0,3.39,3,24274.0,25101.0,95.31,2.77,0.41,2.19,2873.25,17.0,37773.0,22.8,37.0,25.7,14.5,27.3,29.86,69.08,5.7,0.06
FAYETTE,WV,2010,167300.0,46039.0,3.63,3,23085.0,22954.0,93.69,4.65,0.2,0.87,818.0,22.6,30856.0,24.6,41.75,20.95,12.7,33.4,43.08,54.88,9.96,0.02
FRANKLIN,TN,2009,166030.0,41317.0,4.02,3,20350.0,20967.0,91.71,6.09,0.35,2.69,2357.0,15.1,40432.0,20.3,37.0,24.75,17.95,33.9,37.14,61.26,10.9,0.06
WINSTON,AL,2010,165920.0,24484.0,6.78,3,12021.0,12463.0,97.01,0.49,0.82,2.61,872.0,20.3,32574.0,30.1,35.25,24.1,10.6,35.7,15.38,83.17,16.0,0.04
BLOUNT,AL,2011,165790.0,57554.0,2.88,2,28445.0,29109.0,96.49,1.47,0.61,8.36,0.0,14.9,41940.0,24.9,34.15,29.6,11.35,30.9,12.9,85.86,8.7,0.0
WINSTON,AL,2009,165340.0,23973.0,6.9,3,11851.0,12122.0,96.14,2.03,0.56,2.79,1144.0,24.9,31062.0,30.1,35.25,24.1,10.6,36.0,16.45,81.98,17.72,0.05
FAYETTE,WV,2012,165030.0,45861.0,3.6,3,23069.0,22792.0,93.52,4.66,0.24,0.98,1366.0,21.4,33445.0,24.6,41.75,20.95,12.7,34.5,38.51,59.35,8.67,0.03
FAYETTE,WV,2011,163230.0,45919.0,3.55,3,23027.0,22892.0,93.66,4.62,0.22,0.95,1176.0,21.8,32316.0,24.6,41.75,20.95,12.7,34.0,40.8,57.11,8.98,0.03
JEFFERSON,WV,2011,161730.0,54449.0,2.97,2,26913.0,27536.0,89.13,6.67,0.29,4.91,1080.0,11.4,59280.0,16.1,33.4,24.45,26.05,31.4,48.19,49.89,6.23,0.02
FRANKLIN,TN,2008,159290.0,41238.0,3.86,3,20286.0,20952.0,91.96,5.92,0.33,2.58,2544.25,17.2,40890.0,20.3,37.0,24.75,17.95,32.5,37.94,60.46,6.67,0.06
GRUNDY,TN,2010,158510.0,13703.0,11.57,4,6785.0,6918.0,98.04,0.28,0.47,0.82,453.0,30.3,27494.0,35.8,38.2,16.95,9.05,30.6,40.66,57.36,12.63,0.03
FRANKLIN,TN,2006,157980.0,40949.0,3.86,3,20109.0,20840.0,92.1,5.89,0.3,2.31,2544.25,15.5,40651.0,20.3,37.0,24.75,17.95,29.5,41.81,56.96,5.72,0.06
FRANKLIN,TN,2010,157530.0,41052.0,3.84,3,20027.0,21025.0,92.06,5.2,0.38,2.51,2413.0,14.8,40247.0,20.3,37.0,24.75,17.95,31.5,36.35,62.06,10.1,0.06
BLOUNT,AL,2009,156700.0,58197.0,2.69,2,29090.0,29107.0,94.62,3.44,0.62,7.87,1504.0,14.6,41520.0,24.9,34.15,29.6,11.35,32.0,13.97,84.63,10.0,0.03
MARION,SC,2011,155800.0,32780.0,4.75,3,15021.0,17759.0,41.4,56.34,0.58,2.56,1342.0,31.6,27726.0,26.65,37.1,22.95,13.3,39.8,64.32,34.77,17.72,0.04
LINCOLN,TN,2012,155460.0,33373.0,4.66,3,16366.0,17007.0,90.27,6.77,0.67,2.9,1407.0,16.5,42178.0,23.8,38.9,22.25,15.1,29.1,24.8,73.88,6.06,0.04
JEFFERSON,WV,2010,154500.0,53498.0,2.89,2,26444.0,27054.0,89.43,6.69,0.27,4.65,1283.0,11.1,63156.0,16.1,33.4,24.45,26.05,33.5,49.41,48.94,6.68,0.02
MCDOWELL,WV,2006,154000.0,23251.0,6.62,3,11168.0,12083.0,88.34,10.37,0.19,0.8,850.25,34.6,20252.0,42.35,38.85,13.6,5.25,34.3,57.51,41.33,7.68,0.04
COFFEE,AL,2009,153610.0,48322.0,3.18,2,23861.0,24461.0,77.57,18.4,0.84,4.94,1795.0,15.7,43296.0,20.7,27.75,30.5,21.0,32.1,25.15,74.14,8.52,0.04
WYOMING,WV,2010,152190.0,23796.0,6.4,3,11810.0,11986.0,98.28,0.49,0.15,0.44,102.0,20.0,35872.0,28.65,45.1,17.95,8.2,37.0,28.68,69.03,10.38,0.0
MCDOWELL,WV,2011,150800.0,21731.0,6.94,3,10756.0,10975.0,89.42,9.2,0.17,0.5,899.0,34.2,23751.0,42.35,38.85,13.6,5.25,37.5,38.89,59.19,11.93,0.04
MCDOWELL,WV,2009,150710.0,22380.0,6.73,3,10857.0,11523.0,88.99,9.55,0.21,0.88,773.0,40.8,22222.0,42.35,38.85,13.6,5.25,32.8,48.53,49.61,11.52,0.03
WYOMING,WV,2011,148020.0,23455.0,6.31,3,11658.0,11797.0,98.17,0.55,0.15,0.5,245.0,25.6,32851.0,28.65,45.1,17.95,8.2,34.8,24.86,72.85,8.81,0.01
FAYETTE,WV,2008,147800.0,46321.0,3.19,2,23184.0,23137.0,93.09,5.24,0.32,1.01,1150.75,20.2,32934.0,24.6,41.75,20.95,12.7,31.3,47.66,50.4,4.65,0.02
WYOMING,WV,2009,147390.0,23307.0,6.32,3,11578.0,11729.0,97.8,1.19,0.13,0.76,178.0,23.5,31677.0,28.65,45.1,17.95,8.2,36.3,32.5,65.2,9.95,0.01
FAYETTE,WV,2007,143590.0,46355.0,3.1,2,23241.0,23114.0,93.03,5.28,0.31,1.0,1150.75,23.9,30312.0,24.6,41.75,20.95,12.7,31.2,48.96,49.41,5.46,0.02
JEFFERSON,WV,2009,143000.0,52965.0,2.7,2,26180.0,26785.0,89.26,7.58,0.34,4.07,1409.0,9.2,58859.0,16.1,33.4,24.45,26.05,34.9,50.62,47.98,6.61,0.03
COFFEE,AL,2008,142750.0,47524.0,3.0,2,23414.0,24110.0,77.57,18.58,0.85,4.61,1135.75,15.2,43145.0,20.7,27.75,30.5,21.0,32.7,25.23,74.12,4.85,0.02
COLLETON,SC,2009,142260.0,39347.0,3.62,3,18781.0,20566.0,57.45,40.21,0.78,2.88,2107.0,22.0,35935.0,22.3,38.95,25.35,13.45,34.1,49.7,49.27,13.04,0.05
MINGO,WV,2011,142130.0,26601.0,5.34,3,13085.0,13516.0,96.78,1.92,0.06,0.66,612.0,26.0,31681.0,33.0,39.15,19.55,8.25,38.5,31.37,66.33,8.58,0.02
MARION,AL,2006,141100.0,29574.0,4.77,3,14687.0,14887.0,93.62,4.8,0.44,1.87,397.25,17.1,32792.0,28.05,34.1,27.1,10.7,28.5,25.31,73.47,4.37,0.01
FRANKLIN,AL,2006,141050.0,30855.0,4.57,3,15328.0,15527.0,93.28,4.92,0.42,10.86,620.25,17.0,30911.0,30.75,34.0,23.7,11.55,31.7,33.23,65.75,4.64,0.02
MCDOWELL,WV,2007,140990.0,22818.0,6.18,3,10981.0,11837.0,88.38,10.22,0.2,0.84,850.25,34.7,21903.0,42.35,38.85,13.6,5.25,32.5,55.42,43.08,7.42,0.04
MCDOWELL,WV,2008,137590.0,22584.0,6.09,3,10889.0,11695.0,88.71,9.9,0.2,0.85,850.25,32.8,20486.0,42.35,38.85,13.6,5.25,32.9,53.34,44.82,5.91,0.04
BLOUNT,AL,2010,136900.0,57322.0,2.39,2,28362.0,28960.0,96.59,1.43,0.61,8.07,1979.0,16.5,42906.0,24.9,34.15,29.6,11.35,30.4,13.44,85.25,9.84,0.03
WARREN,TN,2006,136800.0,39656.0,3.45,3,19576.0,20080.0,94.67,3.52,0.29,7.41,2517.0,18.6,33289.0,26.75,40.95,20.6,11.75,29.0,42.78,55.79,8.96,0.06
MCDOWELL,WV,2012,136500.0,21321.0,6.4,3,10543.0,10778.0,89.37,9.16,0.19,0.61,955.0,36.0,25246.0,42.35,38.85,13.6,5.25,40.1,34.08,63.98,12.08,0.04
MARION,WV,2006,135230.0,56694.0,2.39,2,27338.0,29356.0,94.98,3.38,0.24,1.0,1481.25,15.7,33899.0,15.7,40.05,25.25,19.0,26.9,49.95,48.47,4.47,0.03
COLLETON,SC,2008,133520.0,39440.0,3.39,3,18820.0,20620.0,57.2,40.54,0.77,2.72,2065.0,21.1,34136.0,22.3,38.95,25.35,13.45,33.7,49.74,49.22,8.21,0.05
JEFFERSON,WV,2012,129430.0,54694.0,2.37,2,27024.0,27670.0,88.98,6.54,0.31,5.16,1460.0,12.2,62924.0,16.1,33.4,24.45,26.05,32.5,46.97,50.85,5.4,0.03
JEFFERSON,WV,2008,129400.0,52090.0,2.48,2,25838.0,26252.0,89.58,7.3,0.33,4.01,1308.0,9.9,62802.0,16.1,33.4,24.45,26.05,31.8,51.84,47.02,3.81,0.03
WAYNE,WV,2010,129000.0,42481.0,3.04,2,20744.0,21737.0,98.66,0.18,0.26,0.51,476.0,20.2,36360.0,25.45,39.35,22.8,12.45,35.5,37.56,60.12,8.53,0.01
BLOUNT,AL,2008,128800.0,57797.0,2.23,1,28952.0,28845.0,94.87,3.24,0.6,7.53,934.25,13.1,46086.0,24.9,34.15,29.6,11.35,31.9,14.51,84.02,4.66,0.02
MARION,TN,2008,128750.0,28072.0,4.59,3,13829.0,14243.0,93.33,4.78,0.38,1.42,1729.25,15.7,38965.0,27.05,36.35,25.25,11.25,34.5,39.4,58.98,7.65,0.06
LINCOLN,TN,2011,127230.0,33380.0,3.81,3,16322.0,17058.0,90.36,6.82,0.64,2.8,1524.0,16.9,39246.0,23.8,38.9,22.25,15.1,30.8,25.64,72.98,6.65,0.05
PIKE,AL,2012,125510.0,33210.0,3.78,3,15888.0,17322.0,58.39,37.24,0.63,2.21,470.0,26.7,32411.0,24.9,31.5,21.95,21.55,34.1,42.78,56.45,7.97,0.01
MARION,SC,2009,123700.0,33597.0,3.68,3,15632.0,17965.0,43.33,54.79,0.51,3.15,1410.0,27.4,28437.0,26.65,37.1,22.95,13.3,38.4,63.65,35.38,20.37,0.04
MARION,TN,2009,123260.0,28084.0,4.39,3,13873.0,14211.0,93.28,4.79,0.39,1.49,1765.0,19.2,37067.0,27.05,36.35,25.25,11.25,31.6,39.05,59.3,12.29,0.06
GRUNDY,TN,2009,122790.0,14102.0,8.71,3,6938.0,7164.0,97.1,1.15,0.41,1.38,368.0,27.6,27373.0,35.8,38.2,16.95,9.05,30.3,41.61,56.34,14.12,0.03
PIKE,AL,2011,122460.0,33017.0,3.71,3,15775.0,17242.0,58.97,36.81,0.62,2.36,0.0,25.6,32345.0,24.9,31.5,21.95,21.55,35.3,42.62,56.68,8.87,0.0
PIKE,AL,2010,120430.0,32899.0,3.66,3,15700.0,17199.0,59.1,36.77,0.6,2.22,1198.0,30.0,32771.0,24.9,31.5,21.95,21.55,36.0,42.45,56.91,9.44,0.04
WINSTON,AL,2007,118900.0,24267.0,4.9,3,12010.0,12257.0,96.72,1.66,0.52,2.67,544.75,16.0,32986.0,30.1,35.25,24.1,10.6,28.3,18.5,80.09,5.59,0.02
COFFEE,AL,2006,118190.0,45460.0,2.6,2,22328.0,23132.0,77.78,18.52,0.84,3.86,1135.75,14.2,41417.0,20.7,27.75,30.5,21.0,33.6,25.33,74.01,3.75,0.02
WAYNE,WV,2011,118000.0,42180.0,2.8,2,20576.0,21604.0,98.5,0.21,0.28,0.55,599.0,20.8,35418.0,25.45,39.35,22.8,12.45,36.5,36.45,61.19,8.15,0.01
WYOMING,WV,2008,116260.0,23421.0,4.96,3,11628.0,11793.0,97.82,1.2,0.15,0.74,210.75,22.3,31659.0,28.65,45.1,17.95,8.2,34.3,36.32,61.37,4.73,0.01
LINCOLN,TN,2009,115500.0,33362.0,3.46,3,16270.0,17092.0,89.9,7.66,0.58,2.38,1541.0,15.6,40108.0,23.8,38.9,22.25,15.1,33.7,27.3,71.19,7.19,0.05
WAYNE,WV,2012,114320.0,41873.0,2.73,2,20431.0,21442.0,98.33,0.28,0.27,0.53,779.0,20.5,37705.0,25.45,39.35,22.8,12.45,38.0,35.34,62.26,7.59,0.02
COFFEE,AL,2007,113800.0,46586.0,2.44,2,22910.0,23676.0,77.65,18.64,0.83,4.24,1135.75,16.5,36819.0,20.7,27.75,30.5,21.0,32.5,25.28,74.06,3.81,0.02
COLLETON,SC,2007,112920.0,39138.0,2.89,2,18659.0,20479.0,57.18,40.63,0.74,2.51,2065.0,21.7,34703.0,22.3,38.95,25.35,13.45,32.3,49.18,49.79,6.09,0.05
WINSTON,AL,2006,112080.0,24269.0,4.62,3,11981.0,12288.0,96.98,1.44,0.5,2.43,544.75,18.7,31869.0,30.1,35.25,24.1,10.6,28.4,19.48,79.39,4.95,0.02
JEFFERSON,WV,2007,111230.0,51158.0,2.17,1,25340.0,25818.0,89.87,7.12,0.33,3.84,1308.0,8.3,61219.0,16.1,33.4,24.45,26.05,30.0,50.51,48.44,3.2,0.03
COLLETON,SC,2006,109800.0,38927.0,2.82,2,18630.0,20297.0,57.08,40.84,0.7,2.41,2065.0,22.9,33852.0,22.3,38.95,25.35,13.45,32.3,48.62,50.36,6.5,0.05
WAYNE,WV,2009,109300.0,41112.0,2.66,2,20180.0,20932.0,98.11,0.64,0.17,0.79,510.0,20.8,36080.0,25.45,39.35,22.8,12.45,35.4,38.66,59.05,7.88,0.01
WAYNE,WV,2008,108000.0,41386.0,2.61,2,20349.0,21037.0,98.19,0.56,0.17,0.74,591.0,17.6,34570.0,25.45,39.35,22.8,12.45,32.5,39.77,57.98,4.71,0.01
WAYNE,WV,2007,106300.0,41489.0,2.56,2,20362.0,21127.0,98.26,0.5,0.19,0.67,591.0,20.3,36298.0,25.45,39.35,22.8,12.45,35.7,41.13,57.01,4.69,0.01
WYOMING,WV,2007,104530.0,23594.0,4.43,3,11724.0,11870.0,97.94,1.11,0.15,0.69,210.75,23.5,30762.0,28.65,45.1,17.95,8.2,33.1,37.83,60.32,6.14,0.01
FAYETTE,WV,2006,104450.0,46271.0,2.26,2,23206.0,23065.0,92.98,5.36,0.3,0.92,1150.75,22.5,28732.0,24.6,41.75,20.95,12.7,31.0,50.27,48.42,5.67,0.02
JEFFERSON,WV,2006,102400.0,49881.0,2.05,1,24736.0,25145.0,90.38,6.79,0.3,3.59,1308.0,8.5,59090.0,16.1,33.4,24.45,26.05,27.8,49.18,49.87,3.41,0.03
WAYNE,TN,2008,101800.0,16490.0,6.17,3,9199.0,7291.0,90.1,8.45,0.27,1.47,937.25,20.7,32471.0,29.85,41.35,19.25,9.55,29.8,24.52,73.75,10.06,0.06
MARION,SC,2008,101300.0,33998.0,2.98,2,15790.0,18208.0,43.0,55.23,0.46,2.91,1402.25,24.1,30832.0,26.65,37.1,22.95,13.3,35.5,63.32,35.69,13.68,0.04
LINCOLN,TN,2007,101130.0,32729.0,3.09,2,15961.0,16768.0,90.05,7.62,0.55,2.11,1461.75,13.9,41536.0,23.8,38.9,22.25,15.1,29.4,30.23,68.44,3.55,0.04
LINCOLN,TN,2010,100760.0,33361.0,3.02,2,16268.0,17093.0,90.45,6.89,0.5,2.65,1375.0,17.1,41022.0,23.8,38.9,22.25,15.1,31.7,26.47,72.09,7.17,0.04
MARION,SC,2010,99000.0,33062.0,2.99,2,15116.0,17946.0,41.75,56.06,0.5,2.39,1528.0,29.5,27917.0,26.65,37.1,22.95,13.3,38.8,63.98,35.08,18.27,0.05
PIKE,AL,2009,97000.0,30493.0,3.18,2,14624.0,15869.0,60.26,36.79,0.71,2.23,1182.0,27.6,31229.0,24.9,31.5,21.95,21.55,36.9,42.29,57.13,9.52,0.04
WYOMING,WV,2006,96850.0,23851.0,4.06,3,11819.0,12032.0,98.03,1.03,0.14,0.64,210.75,23.2,29211.0,28.65,45.1,17.95,8.2,31.8,39.34,59.27,5.57,0.01
WAYNE,TN,2011,96320.0,16942.0,5.69,3,9353.0,7589.0,92.71,5.81,0.32,1.69,969.0,28.3,29883.0,29.85,41.35,19.25,9.55,33.7,22.03,76.58,10.74,0.06
LINCOLN,TN,2008,95800.0,33172.0,2.89,2,16168.0,17004.0,89.89,7.75,0.55,2.19,1461.75,16.0,40473.0,23.8,38.9,22.25,15.1,30.8,28.14,70.3,4.92,0.04
MARION,TN,2007,94600.0,28002.0,3.38,3,13775.0,14227.0,93.55,4.54,0.39,1.24,1729.25,14.0,39059.0,27.05,36.35,25.25,11.25,30.9,41.62,56.99,5.88,0.06
WAYNE,WV,2006,93900.0,41617.0,2.26,2,20385.0,21232.0,98.29,0.52,0.19,0.64,591.0,21.5,31664.0,25.45,39.35,22.8,12.45,33.6,42.48,56.05,5.42,0.01
WAYNE,TN,2012,92980.0,16918.0,5.5,3,9349.0,7569.0,92.47,5.93,0.34,1.75,892.0,23.9,32016.0,29.85,41.35,19.25,9.55,32.8,21.2,77.52,9.44,0.05
MARION,TN,2006,92820.0,27910.0,3.33,2,13756.0,14154.0,93.63,4.57,0.38,1.11,1729.25,18.1,36235.0,27.05,36.35,25.25,11.25,28.3,43.84,54.99,5.72,0.06
MARION,SC,2006,92100.0,34166.0,2.7,2,15913.0,18253.0,43.09,55.33,0.4,2.64,1402.25,27.8,27774.0,26.65,37.1,22.95,13.3,34.2,60.41,38.53,12.01,0.04
MARION,SC,2007,91100.0,34067.0,2.67,2,15872.0,18195.0,43.07,55.26,0.41,2.7,1402.25,24.3,30364.0,26.65,37.1,22.95,13.3,35.2,61.87,37.11,11.52,0.04
GRUNDY,TN,2006,90090.0,14289.0,6.3,3,7007.0,7282.0,97.65,0.83,0.33,1.2,450.25,29.6,27121.0,35.8,38.2,16.95,9.05,28.0,49.58,49.02,8.04,0.03
LINCOLN,WV,2012,90090.0,21605.0,4.17,3,10766.0,10839.0,98.9,0.17,0.11,0.51,1103.0,24.1,34023.0,29.05,43.8,19.7,7.4,40.5,32.66,64.29,10.33,0.05
FAYETTE,TN,2012,89340.0,38673.0,2.31,2,19105.0,19568.0,70.64,27.63,0.31,2.37,1040.0,16.4,52163.0,21.2,34.55,26.65,17.6,32.6,34.17,64.83,8.45,0.03
WAYNE,TN,2009,89300.0,16484.0,5.42,3,9205.0,7279.0,89.85,8.6,0.32,1.55,1068.0,23.0,32562.0,29.85,41.35,19.25,9.55,31.9,23.69,74.69,13.41,0.06
GRUNDY,TN,2008,88060.0,14257.0,6.18,3,7007.0,7250.0,97.3,1.02,0.4,1.21,450.25,29.5,25619.0,35.8,38.2,16.95,9.05,29.5,42.55,55.33,8.38,0.03
LINCOLN,WV,2011,86670.0,21564.0,4.02,3,10733.0,10831.0,98.97,0.12,0.1,0.47,919.0,27.1,32517.0,29.05,43.8,19.7,7.4,36.8,35.57,61.52,10.65,0.04
BLOUNT,AL,2006,85050.0,55983.0,1.52,1,27959.0,28024.0,95.45,2.75,0.59,6.92,934.25,12.8,41494.0,24.9,34.15,29.6,11.35,28.9,16.41,82.44,3.24,0.02
LINCOLN,WV,2009,84130.0,22111.0,3.8,3,11022.0,11089.0,98.25,0.6,0.22,0.81,1351.0,25.1,31212.0,29.05,43.8,19.7,7.4,38.5,41.41,55.98,9.63,0.06
BLOUNT,AL,2007,82430.0,56863.0,1.45,1,28444.0,28419.0,95.12,3.04,0.57,7.22,934.25,13.1,43266.0,24.9,34.15,29.6,11.35,31.5,15.46,83.23,3.18,0.02
LINCOLN,TN,2006,82400.0,32441.0,2.54,2,15785.0,16656.0,90.15,7.58,0.55,1.95,1461.75,14.9,39717.0,23.8,38.9,22.25,15.1,28.0,32.32,66.57,4.21,0.05
WAYNE,TN,2007,82360.0,16532.0,4.98,3,9194.0,7338.0,90.29,8.29,0.28,1.39,937.25,20.5,31281.0,29.85,41.35,19.25,9.55,30.3,26.54,72.02,7.36,0.06
PIKE,AL,2008,81900.0,30337.0,2.7,2,14525.0,15812.0,60.18,36.95,0.74,2.1,712.5,22.5,32284.0,24.9,31.5,21.95,21.55,35.1,42.13,57.36,4.87,0.02
GRUNDY,TN,2007,80790.0,14307.0,5.65,3,7041.0,7266.0,97.43,0.94,0.37,1.29,450.25,27.0,26844.0,35.8,38.2,16.95,9.05,27.1,46.06,52.17,5.91,0.03
LINCOLN,WV,2010,77330.0,21720.0,3.56,3,10803.0,10917.0,99.1,0.08,0.1,0.44,1026.0,24.2,34119.0,29.05,43.8,19.7,7.4,38.0,38.49,58.75,11.73,0.05
FAYETTE,TN,2011,77280.0,38568.0,2.0,1,19120.0,19448.0,70.32,27.93,0.31,2.32,1288.0,14.2,49760.0,21.2,34.55,26.65,17.6,35.1,34.58,64.43,9.5,0.03
WAYNE,TN,2010,73330.0,17021.0,4.31,3,9402.0,7619.0,92.86,5.76,0.34,1.63,820.0,22.1,32334.0,29.85,41.35,19.25,9.55,31.5,22.86,75.63,11.38,0.05
CANNON,TN,2011,72550.0,13724.0,5.29,3,6773.0,6951.0,96.81,1.35,0.23,1.6,775.0,21.8,36959.0,24.15,45.35,20.2,10.3,30.7,32.8,65.12,10.31,0.06
FAYETTE,TN,2010,67190.0,38413.0,1.75,1,19047.0,19366.0,70.24,28.18,0.28,2.23,1534.0,12.8,53935.0,21.2,34.55,26.65,17.6,36.9,34.98,64.03,9.94,0.04
FAYETTE,AL,2006,65450.0,17815.0,3.67,3,8708.0,9107.0,86.29,12.34,0.3,1.27,250.5,16.7,34465.0,27.15,36.45,24.5,11.9,32.1,27.57,71.55,4.24,0.01
FAYETTE,AL,2010,64190.0,17241.0,3.72,3,8507.0,8734.0,87.05,11.48,0.37,1.18,483.0,27.3,32643.0,27.15,36.45,24.5,11.9,36.4,23.96,75.06,13.02,0.03
PIKE,AL,2007,60860.0,30169.0,2.02,1,14407.0,15762.0,60.31,36.89,0.73,1.91,712.5,27.0,25817.0,24.9,31.5,21.95,21.55,36.7,40.72,58.76,4.03,0.02
LINCOLN,WV,2008,60700.0,22158.0,2.74,2,11025.0,11133.0,98.34,0.53,0.21,0.74,1099.75,24.4,29817.0,29.05,43.8,19.7,7.4,37.8,44.32,53.21,4.68,0.05
CANNON,TN,2010,59100.0,13801.0,4.28,3,6831.0,6970.0,97.12,1.25,0.22,1.52,652.0,16.7,36246.0,24.15,45.35,20.2,10.3,32.3,34.15,63.71,11.14,0.05
FAYETTE,TN,2009,58700.0,38820.0,1.51,1,19267.0,19553.0,70.57,26.81,0.36,2.61,1533.0,12.2,53624.0,21.2,34.55,26.65,17.6,35.5,35.39,63.62,11.07,0.04
CANNON,TN,2012,56860.0,13803.0,4.12,3,6856.0,6947.0,96.57,1.4,0.28,1.73,754.0,16.5,39262.0,24.15,45.35,20.2,10.3,31.6,31.45,66.54,8.47,0.05
FAYETTE,AL,2012,56030.0,16941.0,3.31,2,8431.0,8510.0,86.98,11.39,0.4,1.42,134.0,17.6,35720.0,27.15,36.45,24.5,11.9,32.4,22.87,76.19,8.62,0.01
WAYNE,TN,2006,54480.0,16625.0,3.28,2,9251.0,7374.0,90.62,8.08,0.23,1.27,937.25,19.1,28924.0,29.85,41.35,19.25,9.55,29.6,28.56,70.28,10.38,0.06
MARTIN,MN,2012,53200.0,20456.0,2.6,2,10095.0,10361.0,97.72,0.44,0.35,3.77,614.0,12.6,47212.0,11.9,38.1,31.95,18.05,32.6,36.96,60.69,5.58,0.03
FAYETTE,TN,2008,51660.0,38218.0,1.35,1,18996.0,19222.0,70.28,27.13,0.34,2.42,1348.75,12.7,51673.0,21.2,34.55,26.65,17.6,34.6,35.8,63.22,7.43,0.04
FAYETTE,AL,2011,50150.0,17047.0,2.94,2,8432.0,8615.0,87.05,11.39,0.37,1.34,0.0,22.5,32648.0,27.15,36.45,24.5,11.9,36.3,23.42,75.62,11.07,0.0
PIKE,AL,2006,49590.0,29971.0,1.65,1,14405.0,15566.0,60.33,36.95,0.68,1.83,712.5,28.1,29269.0,24.9,31.5,21.95,21.55,35.6,39.3,60.16,4.03,0.02
FAYETTE,AL,2008,48860.0,17627.0,2.77,2,8614.0,9013.0,85.7,12.75,0.28,1.42,250.5,19.8,34092.0,27.15,36.45,24.5,11.9,32.3,25.06,73.93,7.24,0.01
CANNON,TN,2008,48850.0,13831.0,3.53,3,6724.0,7107.0,95.37,2.62,0.56,2.48,716.0,15.3,40527.0,24.15,45.35,20.2,10.3,30.8,36.85,60.88,7.35,0.05
LINCOLN,WV,2006,48810.0,22249.0,2.19,1,11082.0,11167.0,98.53,0.39,0.22,0.63,1099.75,26.5,27759.0,29.05,43.8,19.7,7.4,33.2,46.51,51.28,6.12,0.05
MARTIN,MN,2011,48500.0,20619.0,2.35,2,10136.0,10483.0,97.89,0.39,0.36,3.77,609.0,12.5,44597.0,11.9,38.1,31.95,18.05,28.0,37.98,59.59,6.62,0.03
CANNON,TN,2009,46900.0,13838.0,3.39,3,6731.0,7107.0,95.27,2.75,0.54,2.45,683.0,15.5,38092.0,24.15,45.35,20.2,10.3,31.5,35.5,62.3,11.97,0.05
CANNON,TN,2007,46790.0,13435.0,3.48,3,6574.0,6861.0,95.6,2.47,0.52,2.55,716.0,15.6,39123.0,24.15,45.35,20.2,10.3,28.1,39.12,59.03,4.84,0.05
MARTIN,MN,2010,46100.0,20840.0,2.21,1,10229.0,10611.0,98.13,0.37,0.31,3.57,566.0,11.6,47910.0,11.9,38.1,31.95,18.05,27.2,39.0,58.49,7.32,0.03
CANNON,TN,2006,44430.0,13272.0,3.35,3,6456.0,6816.0,95.76,2.38,0.5,2.38,716.0,15.2,38739.0,24.15,45.35,20.2,10.3,27.3,41.38,57.17,5.07,0.05
FAYETTE,AL,2009,43590.0,17411.0,2.5,2,8524.0,8887.0,85.67,12.65,0.31,1.57,385.0,19.6,34262.0,27.15,36.45,24.5,11.9,36.5,24.51,74.5,14.02,0.02
FAYETTE,TN,2007,43060.0,37251.0,1.16,1,18551.0,18700.0,69.96,27.53,0.33,2.34,1348.75,13.6,54271.0,21.2,34.55,26.65,17.6,33.8,36.51,62.62,6.04,0.04
MARTIN,MN,2008,43000.0,20420.0,2.11,1,10012.0,10408.0,97.69,0.74,0.31,3.17,618.5,11.3,44101.0,11.9,38.1,31.95,18.05,28.3,41.04,56.29,4.88,0.03
FAYETTE,AL,2007,39200.0,17590.0,2.23,1,8613.0,8977.0,86.04,12.54,0.29,1.37,250.5,17.2,35957.0,27.15,36.45,24.5,11.9,33.0,26.32,72.74,4.72,0.01
MARTIN,MN,2009,38400.0,20241.0,1.9,1,9910.0,10331.0,97.43,0.88,0.32,3.06,685.0,11.2,40389.0,11.9,38.1,31.95,18.05,27.3,40.02,57.39,7.48,0.03
LINCOLN,WV,2007,35040.0,22185.0,1.58,1,11053.0,11132.0,98.42,0.48,0.2,0.71,1099.75,25.2,30694.0,29.05,43.8,19.7,7.4,35.2,45.41,52.25,5.43,0.05
MARTIN,MN,2007,29800.0,20442.0,1.46,1,9984.0,10458.0,97.83,0.68,0.28,2.87,618.5,10.2,42997.0,11.9,38.1,31.95,18.05,27.8,41.17,56.5,4.39,0.03
FAYETTE,TN,2006,29600.0,35890.0,0.82,1,17798.0,18092.0,69.43,27.99,0.35,2.27,1348.75,14.8,47237.0,21.2,34.55,26.65,17.6,32.8,37.22,62.02,6.2,0.04
MARTIN,MN,2006,28100.0,20502.0,1.37,1,10048.0,10454.0,98.0,0.58,0.24,2.83,618.5,10.4,41937.0,11.9,38.1,31.95,18.05,26.7,41.3,56.71,4.23,0.03
WASHINGTON,AL,2008,14700.0,17052.0,0.86,1,8354.0,8698.0,65.97,27.09,5.67,1.31,248.0,18.2,37076.0,22.65,44.2,23.55,9.65,34.9,34.95,64.43,8.43,0.01
WASHINGTON,AL,2010,14400.0,17581.0,0.82,1,8656.0,8925.0,65.7,24.95,8.13,0.86,427.0,19.6,37639.0,22.65,44.2,23.55,9.65,35.9,34.42,65.03,14.22,0.02
WASHINGTON,AL,2009,12000.0,17003.0,0.71,1,8375.0,8628.0,66.09,27.22,5.44,1.38,517.0,19.3,36946.0,22.65,44.2,23.55,9.65,36.2,34.69,64.73,15.09,0.03
WASHINGTON,AL,2007,11500.0,17092.0,0.67,1,8373.0,8719.0,66.12,26.85,5.77,1.28,248.0,18.7,35810.0,22.65,44.2,23.55,9.65,34.6,35.75,63.66,5.96,0.01
WASHINGTON,AL,2012,10700.0,17146.0,0.62,1,8441.0,8705.0,66.31,24.41,7.76,1.21,48.0,21.0,39173.0,22.65,44.2,23.55,9.65,36.0,33.9,65.63,11.97,0.0
MOORE,TN,2011,9400.0,6370.0,1.48,1,3160.0,3210.0,95.75,2.43,0.25,1.35,204.0,12.4,48229.0,18.05,40.6,25.75,15.65,33.5,26.35,72.03,6.87,0.03
MOORE,TN,2012,8280.0,6306.0,1.31,1,3083.0,3223.0,95.78,2.39,0.25,1.38,178.0,13.5,47091.0,18.05,40.6,25.75,15.65,33.9,25.19,73.35,5.8,0.03
WASHINGTON,AL,2006,7900.0,17345.0,0.46,1,8474.0,8871.0,65.83,26.91,5.99,1.24,248.0,20.1,33896.0,22.65,44.2,23.55,9.65,34.6,36.55,62.9,5.79,0.01
LINCOLN,MN,2007,6700.0,5800.0,1.16,1,2858.0,2942.0,98.76,0.14,0.38,1.72,0.5,12.5,38112.0,14.35,38.45,30.3,16.9,26.6,48.05,48.76,4.55,0.0
WASHINGTON,AL,2011,5500.0,17354.0,0.32,1,8524.0,8830.0,65.96,24.83,7.87,1.08,0.0,18.9,39203.0,22.65,44.2,23.55,9.65,36.1,34.16,65.33,14.59,0.0
LINCOLN,MN,2012,5240.0,5755.0,0.91,1,2870.0,2885.0,98.71,0.16,0.19,1.3,0.0,10.3,43959.0,14.35,38.45,30.3,16.9,28.9,45.8,51.12,4.69,0.0
LINCOLN,MN,2008,5100.0,5773.0,0.88,1,2875.0,2898.0,98.63,0.17,0.38,1.82,0.5,10.0,43000.0,14.35,38.45,30.3,16.9,27.2,48.53,47.7,5.06,0.0
LINCOLN,MN,2009,4500.0,5712.0,0.79,1,2851.0,2861.0,98.51,0.19,0.47,1.73,2.0,9.2,41263.0,14.35,38.45,30.3,16.9,27.7,47.85,48.55,5.82,0.0
LINCOLN,MN,2010,4500.0,5896.0,0.76,1,2960.0,2936.0,98.81,0.14,0.19,1.22,0.0,10.0,43358.0,14.35,38.45,30.3,16.9,27.5,47.16,49.41,5.51,0.0
MOORE,TN,2010,4200.0,6362.0,0.66,1,3129.0,3233.0,95.91,2.34,0.27,1.1,182.0,13.6,45066.0,18.05,40.6,25.75,15.65,32.4,27.52,70.72,7.9,0.03
LINCOLN,MN,2011,4130.0,5808.0,0.71,1,2912.0,2896.0,98.78,0.14,0.19,1.53,0.0,9.8,43996.0,14.35,38.45,30.3,16.9,28.5,46.48,50.27,5.15,0.0
MOORE,TN,2006,3900.0,5925.0,0.66,1,2925.0,3000.0,95.17,3.32,0.34,1.23,192.5,11.7,44707.0,18.05,40.6,25.75,15.65,29.0,34.47,64.11,4.73,0.03
MOORE,TN,2007,3900.0,5986.0,0.65,1,2974.0,3012.0,94.85,3.59,0.37,1.24,192.5,11.4,47106.0,18.05,40.6,25.75,15.65,29.7,32.15,66.1,4.12,0.03
LINCOLN,MN,2006,3100.0,5864.0,0.53,1,2877.0,2987.0,98.87,0.1,0.36,1.43,0.5,9.7,38548.0,14.35,38.45,30.3,16.9,25.8,47.58,49.82,3.62,0.0
MOORE,TN,2008,3100.0,6047.0,0.51,1,2989.0,3058.0,94.46,3.8,0.43,1.42,192.5,11.6,46045.0,18.05,40.6,25.75,15.65,31.5,29.84,68.09,5.57,0.03
MOORE,TN,2009,500.0,6055.0,0.08,1,3006.0,3049.0,94.2,4.06,0.41,1.62,206.0,14.2,46494.0,18.05,40.6,25.75,15.65,30.6,28.68,69.41,9.49,0.03
